driver_id,total_fare,avg_distance
65,184.95000000000002,26.52
26,45.19,12.31
37,346.98,34.43666666666667
7,135.29,31.91
25,145.73999999999998,13.959999999999999
24,22.32,15.47
79,49.080000000000005,29.82
74,79.49,39.59
