driver_id,total_fare,avg_distance
53,126.75,22.28
34,143.53,16.095
94,212.95,16.57
48,294.58000000000004,27.680000000000003
51,57.82,40.03
50,112.08,32.45
82,161.7,16.990000000000002
90,27.58,43.52
75,63.75,14.04
