driver_id,total_fare,avg_distance
28,102.35,8.14
12,72.45,39.6
94,284.16999999999996,23.71666666666667
5,57.56,3.52
39,115.52,20.58
7,197.31,40.23
82,244.44,25.176666666666666
32,42.55,24.43
79,86.0,30.223333333333333
